seconds,head,retained_ft3,mobile_ft3,flow_cfs,F_ft,IMD,Fu_ft,media_theta
1,0.0025421721945985123,0.79999999999999993,0.010168688778393161,-0.023481374005667577,0,0.37000000000000005,0,0.080000000000000002
2.0000000000000004,0.014305290116185785,0.79999999999999993,0.057221160464742252,-0.068612146093464388,0,0.37000000000000005,0,0.080000000000000002
3.0000000000000013,0.039205230768126854,0.79999999999999993,0.15682092307250653,-0.12747925516159472,0,0.37000000000000005,0,0.080000000000000002
4.0000000000000018,0.077155242236228216,0.79999999999999993,0.30862096894491198,-0.16845620862763902,0,0.37000000000000005,0,0.080000000000000002
4.9999999999999982,0.12370435063635966,0.79999999999999993,0.49481740254543777,-0.19990548322561782,0,0.37000000000000005,0,0.080000000000000002
5.9999999999999938,0.17704676374042672,0.79999999999999993,0.70818705496170598,-0.22076065055428468,0,0.37000000000000005,0,0.080000000000000002
6.999999999999992,0.23378988752259178,0.79999999999999993,0.93515955009036622,-0.23186663909656555,0,0.37000000000000005,0,0.080000000000000002
7.9999999999999876,0.29314847818297535,0.79999999999999993,1.1725939127319005,-0.24183546299520553,0,0.37000000000000005,0,0.080000000000000002
8.999999999999984,0.35486632189045181,0.79999999999999993,1.4194652875618063,-0.25086249444901121,0,0.37000000000000005,0,0.080000000000000002
9.9999999999999805,0.41872897276028198,0.79999999999999993,1.674915891041127,-0.25909454228946649,0,0.37000000000000005,0,0.080000000000000002
10.999999999999979,0.48455388021530488,0.79999999999999993,1.9382155208612186,-0.26664524984435656,0,0.37000000000000005,0,0.080000000000000002
11.999999999999973,0.55632223398348679,0.79999999999999993,2.2083922657389001,-0.27278358616285547,0,0.37000000000000005,0,0.080000000000000002
12.99999999999997,0.6308548931811121,0.79999999999999993,2.484163104770114,-0.27815349196453321,0,0.37000000000000005,0,0.080000000000000002
13.999999999999966,0.70678030212334342,0.79999999999999993,2.7650871178563698,-0.2831358566766915,0,0.37000000000000005,0,0.080000000000000002
14.999999999999963,0.78399982249070677,1.04,2.8107993432156144,-0.28777075495689741,0,0.37000000000000005,0,0.10400000000000002
15.999999999999959,0.86242474954062232,1.04,3.1009715733003023,-0.29209241665126073,0,0.37000000000000005,0,0.10400000000000002
16.999999999999972,0.94197490272170581,1.2799999999999998,3.155307140070311,-0.29613032327968991,0,0.37000000000000005,0,0.128
17.999999999999986,1.0225774714354947,1.2799999999999998,3.4535366443113298,-0.29991004684560763,0,0.37000000000000005,0,0.128
19,1.104166071246206,1.2799999999999998,3.7554144636109617,-0.30345398791435624,0,0.31068550932252764,0.027961119053777975,0.128
20.000000000000014,1.1866799564835484,1.5199999999999996,3.8207158389891283,-0.30678182515262492,0,0.24592130747188323,0.058491256591594654,0.152
21.000000000000028,1.2675215149734833,1.5199999999999996,4.1198296054018879,-0.29206952940083952,0,0.18246969569886998,0.088402633232870551,0.152
22.000000000000046,1.3441323004735191,1.7599999999999998,4.1632895117520201,-0.27641566929227102,0,0.12233876910646529,0.11674862386788379,0.17600000000000002
23.000000000000057,1.4165123129536417,1.7599999999999998,4.4310955579284732,-0.26076180906114077,0,0.065528527718226884,0.14352922848552915,0.17600000000000002
24.000000000000071,1.4846615523761244,1.7599999999999998,4.68324774379166,-0.2451079486750698,0,0.012038971563766003,0.16874444707184777,0.17600000000000002
25.000000000000089,1.5202735675251859,1.9999999999999996,4.6824621077266739,-0.23605597039273313,0,0,0.17441967269268174,0.19999999999999998
26.000000000000099,1.5461087296164009,1.9999999999999996,4.9149785665476085,-0.22962049480722127,0,0,0.17441967269268174,0.19999999999999998
27.000000000000114,1.5712288388646014,1.9999999999999996,5.1410595497814118,-0.22318501921871353,0,0,0.17441967269268174,0.19999999999999998
28.000000000000124,1.5956338952694327,1.9999999999999996,5.3607050574248927,-0.21674954362684845,0,0,0.17441967269268174,0.19999999999999998
29.000000000000142,1.6193238988304965,1.9999999999999996,5.5739150894744682,-0.21031406803120836,0,0,0.17441967269268174,0.19999999999999998
30.000000000000156,1.6422988495473452,1.9999999999999996,5.7806896459261052,-0.20387859243130846,0,0,0.17441967269268174,0.19999999999999998
31.000000000000167,1.664558747419471,1.9999999999999996,5.9810287267752384,-0.19744311682658375,0,0,0.17441967269268174,0.19999999999999998
32.000000000000185,1.6861035924462988,1.9999999999999996,6.1749323320166889,-0.19100764121637206,0,0,0.17441967269268174,0.19999999999999998
33.000000000000199,1.7069333846271724,1.9999999999999996,6.3624004616445511,-0.18457216559989376,0,0,0.17441967269268174,0.19999999999999998
34.000000000000213,1.7270481239613404,1.9999999999999996,6.5434331156520642,-0.17813668997622595,0,0,0.17441967269268174,0.19999999999999998
35.000000000000227,1.7464478104479386,1.9999999999999996,6.7180302940314478,-0.17170121434426894,0,0,0.17441967269268174,0.19999999999999998
36.000000000000242,1.7651324440859679,1.9999999999999996,6.88619199677371,-0.16526573870270447,0,0,0.17441967269268174,0.19999999999999998
37.000000000000256,1.7831020248742659,1.9999999999999996,7.0479182238683924,-0.15883026304994172,0,0,0.17441967269268174,0.19999999999999998
38.00000000000027,1.8003565528114742,1.9999999999999996,7.2032089753032666,-0.15239478738404608,0,0,0.17441967269268174,0.19999999999999998
39.000000000000284,1.8168960278959925,1.9999999999999996,7.3520642510639327,-0.14595931170264664,0,0,0.17441967269268174,0.19999999999999998
40.000000000000298,1.8327204501259255,1.9999999999999996,7.4944840511333304,-0.13952383600281226,0,0,0.17441967269268174,0.19999999999999998
41.000000000000313,1.8478298194990088,1.9999999999999996,7.6304683754910787,-0.13308836028088472,0,0,0.17441967269268174,0.19999999999999998
42.000000000000327,1.8622241360125154,1.9999999999999996,7.7600172241126391,-0.12665288453225121,0,0,0.17441967269268174,0.19999999999999998
43.000000000000341,1.8759033996631325,1.9999999999999996,7.8831305969681909,-0.12021740875102946,0,0,0.17441967269268174,0.19999999999999998
44.000000000000355,1.8888676104467923,1.9999999999999996,7.9998084940211314,-0.1137819329296233,0,0,0.17441967269268174,0.19999999999999998
45.000000000000377,1.901116768358448,1.9999999999999996,8.1100509152260312,-0.10734645705808718,0,0,0.17441967269268174,0.19999999999999998
46.000000000000384,1.9126508733917564,1.9999999999999996,8.2138578605258079,-0.10091098112319724,0,0,0.17441967269268174,0.19999999999999998
47.000000000000398,1.9234699255386367,1.9999999999999996,8.3112293298477304,-0.094475505107062471,0,0,0.17441967269268174,0.19999999999999998
48.000000000000412,1.9335739247886274,1.9999999999999996,8.4021653230976465,-0.088040028985000962,0,0,0.17441967269268174,0.19999999999999998
49.000000000000426,1.942962871127945,1.9999999999999996,8.4866658401515043,-0.081604552722192164,0,0,0.17441967269268174,0.19999999999999998
50.000000000000441,1.9516367645380468,1.9999999999999996,8.5647308808424203,-0.075169076268237947,0,0,0.17441967269268174,0.19999999999999998
51.000000000000448,1.9595956049933876,1.9999999999999996,8.6363604449404878,-0.068733599547982638,0,0,0.17441967269268174,0.19999999999999998
52.000000000000469,1.9668393924577652,1.9999999999999996,8.7015545321198857,-0.062298122445347028,0,0,0.17441967269268174,0.19999999999999998
53.000000000000483,1.9733681268781185,1.9999999999999996,8.7603131419030653,-0.055862644773355064,0,0,0.17441967269268174,0.19999999999999998
54.000000000000497,1.9791818081734196,1.9999999999999996,8.8126362735607771,-0.049427166215035165,0,0,0.17441967269268174,0.19999999999999998
55.000000000000512,1.9842804362134558,1.9999999999999996,8.8585239259211033,-0.04299168619770604,0,0,0.17441967269268174,0.19999999999999998
56.000000000000526,1.9886640107748284,1.9999999999999996,8.8979760969734549,-0.036556203598673648,0,0,0.17441967269268174,0.19999999999999998
57.000000000000533,1.9923325314394389,1.9999999999999996,8.9309927829549505,-0.030120715964038244,0,0,0.17441967269268174,0.19999999999999998
58.000000000000554,1.9952859973233166,1.9999999999999996,8.9575739759098489,-0.023685217043543691,0,0,0.17441967269268174,0.19999999999999998
59.000000000000568,1.9975244061773019,1.9999999999999996,8.9777196555957168,-0.017249686726844092,0,0,0.17441967269268174,0.19999999999999998
60.000000000000583,1.999047750095778,1.9999999999999996,8.991429750862002,-0.010814027221603932,0,0,0.17441967269268174,0.19999999999999998
61.000000000000597,1.9998559677394008,1.9999999999999996,8.9987037096546061,-0.0043768813988128222,0,0,0.17441967269268174,0.19999999999999998
62.000000000000611,1.9999184453497476,1.9999999999999996,8.9992660081477283,0,0,0,0.17441967269268174,0.19999999999999998
63.000000000000618,1.9999184453497476,1.9999999999999996,8.9992660081477283,0,0,0,0.17441967269268174,0.19999999999999998
64.000000000000639,1.9999184453497476,1.9999999999999996,8.9992660081477283,0,0,0,0.17441967269268174,0.19999999999999998
65.000000000000583,1.9999184453497476,1.9999999999999996,8.9992660081477283,0,0,0,0.17441967269268174,0.19999999999999998
66.000000000000526,1.9999184453497476,1.9999999999999996,8.9992660081477283,0,0,0,0.17441967269268174,0.19999999999999998
67.000000000000469,1.9999184453497476,1.9999999999999996,8.9992660081477283,0,0,0,0.17441967269268174,0.19999999999999998
68.000000000000412,1.9999184453497476,1.9999999999999996,8.9992660081477283,0,0,0,0.17441967269268174,0.19999999999999998
69.000000000000355,1.9999184453497476,1.9999999999999996,8.9992660081477283,0,0,0,0.17441967269268174,0.19999999999999998
70.000000000000298,1.9999184453497476,1.9999999999999996,8.9992660081477283,0,0,0,0.17441967269268174,0.19999999999999998
71.000000000000242,1.9999184453497476,1.9999999999999996,8.9992660081477283,0,0,0,0.17441967269268174,0.19999999999999998
72.000000000000185,1.9999184453497476,1.9999999999999996,8.9992660081477283,0,0,0,0.17441967269268174,0.19999999999999998
73.000000000000128,1.9999184453497476,1.9999999999999996,8.9992660081477283,0,0,0,0.17441967269268174,0.19999999999999998
74.000000000000071,1.9999184453497476,1.9999999999999996,8.9992660081477283,0,0,0,0.17441967269268174,0.19999999999999998
75.000000000000014,1.9999184453497476,1.9999999999999996,8.9992660081477283,0,0,0,0.17441967269268174,0.19999999999999998
75.999999999999957,1.9999184453497476,1.9999999999999996,8.9992660081477283,0,0,0,0.17441967269268174,0.19999999999999998
76.999999999999901,1.9999184453497476,1.9999999999999996,8.9992660081477283,0,0,0,0.17441967269268174,0.19999999999999998
77.999999999999844,1.9999184453497476,1.9999999999999996,8.9992660081477283,0,0,0,0.17441967269268174,0.19999999999999998
78.999999999999787,1.9999184453497476,1.9999999999999996,8.9992660081477283,0,0,0,0.17441967269268174,0.19999999999999998
79.99999999999973,1.9999184453497476,1.9999999999999996,8.9992660081477283,0,0,0,0.17441967269268174,0.19999999999999998
80.999999999999673,1.9999184453497476,1.9999999999999996,8.9992660081477283,0,0,0,0.17441967269268174,0.19999999999999998
81.999999999999616,1.9999184453497476,1.9999999999999996,8.9992660081477283,0,0,0,0.17441967269268174,0.19999999999999998
82.999999999999559,1.9999184453497476,1.9999999999999996,8.9992660081477283,0,0,0,0.17441967269268174,0.19999999999999998
83.999999999999503,1.9999184453497476,1.9999999999999996,8.9992660081477283,0,0,0,0.17441967269268174,0.19999999999999998
84.999999999999446,1.9999184453497476,1.9999999999999996,8.9992660081477283,0,0,0,0.17441967269268174,0.19999999999999998
85.999999999999389,1.9999184453497476,1.9999999999999996,8.9992660081477283,0,0,0,0.17441967269268174,0.19999999999999998
86.999999999999318,1.9999184453497476,1.9999999999999996,8.9992660081477283,0,0,0,0.17441967269268174,0.19999999999999998
87.999999999999275,1.9999184453497476,1.9999999999999996,8.9992660081477283,0,0,0,0.17441967269268174,0.19999999999999998
88.999999999999218,1.9999184453497476,1.9999999999999996,8.9992660081477283,0,0,0,0.17441967269268174,0.19999999999999998
89.999999999999162,1.9999184453497476,1.9999999999999996,8.9992660081477283,0,0,0,0.17441967269268174,0.19999999999999998
90.999999999999119,1.9999184453497476,1.9999999999999996,8.9992660081477283,0,0,0,0.17441967269268174,0.19999999999999998
91.999999999999048,1.9999184453497476,1.9999999999999996,8.9992660081477283,0,0,0,0.17441967269268174,0.19999999999999998
92.999999999998991,1.9999184453497476,1.9999999999999996,8.9992660081477283,0,0,0,0.17441967269268174,0.19999999999999998
93.99999999999892,1.9999184453497476,1.9999999999999996,8.9992660081477283,0,0,0,0.17441967269268174,0.19999999999999998
94.999999999998877,1.9999184453497476,1.9999999999999996,8.9992660081477283,0,0,0,0.17441967269268174,0.19999999999999998
95.99999999999882,1.9999184453497476,1.9999999999999996,8.9992660081477283,0,0,0,0.17441967269268174,0.19999999999999998
96.999999999998764,1.9999184453497476,1.9999999999999996,8.9992660081477283,0,0,0,0.17441967269268174,0.19999999999999998
97.999999999998707,1.9999184453497476,1.9999999999999996,8.9992660081477283,0,0,0,0.17441967269268174,0.19999999999999998
98.99999999999865,1.9999184453497476,1.9999999999999996,8.9992660081477283,0,0,0,0.17441967269268174,0.19999999999999998
99.999999999998593,1.9999184453497476,1.9999999999999996,8.9992660081477283,0,0,0,0.17441967269268174,0.19999999999999998
100.99999999999852,1.9922537268560381,1.9999999999999996,8.9302835417043429,0.10083321277661243,0,0,0.17441967269268174,0.19999999999999998
101.99999999999848,1.9783840438709701,1.9999999999999996,8.8054563948387301,0.14203558805307961,0,0,0.17441967269268174,0.19999999999999998
102.99999999999842,1.9606804789504266,1.9999999999999996,8.646124310553839,0.17241706068122234,0,0,0.17441967269268174,0.19999999999999998
103.99999999999837,1.9399636407385554,1.9999999999999996,8.4596727666469995,0.19730204428836176,0,0,0.17441967269268174,0.19999999999999998
104.99999999999831,1.9167069728363244,1.9999999999999996,8.2503627555269201,0.21870511606831289,0,0,0.17441967269268174,0.19999999999999998
105.99999999999825,1.8912294398337248,1.9999999999999996,8.0210649585035227,0.23764854324801124,0,0,0.17441967269268174,0.19999999999999998
106.9999999999982,1.863764863621562,1.9999999999999996,7.7738837725940568,0.25473576294243511,0,0,0.17441967269268174,0.19999999999999998
107.99999999999815,1.8344941495559743,1.9999999999999996,7.5104473460037688,0.27035829014821711,0,0,0.17441967269268174,0.19999999999999998
108.99999999999808,1.8035626340948991,1.9999999999999996,7.2320637068540927,0.28478716162009587,0,0,0.17441967269268174,0.19999999999999998
109.99999999999802,1.7710903752088019,1.9999999999999996,6.9398133768792158,0.29821924718452497,0,0,0.17441967269268174,0.19999999999999998
110.99999999999795,1.737178700406409,1.9999999999999996,6.6346083036576795,0.31080286547034641,0,0,0.17441967269268174,0.19999999999999998
111.99999999999791,1.7019146011530017,1.9999999999999996,6.3172314103770155,0.32265302587007033,0,0,0.17441967269268174,0.19999999999999998
112.99999999999785,1.6653738054551506,1.9999999999999996,5.9883642490963549,0.33386109122617791,0,0,0.17441967269268174,0.19999999999999998
113.9999999999978,1.6276230015738595,1.9999999999999996,5.6486070141647362,0.34450101160814206,0,0,0.17441967269268174,0.19999999999999998
114.99999999999775,1.5887214918586807,1.9999999999999996,5.2984934267281263,0.35463366101600102,0,0,0.17441967269268174,0.19999999999999998
115.99999999999768,1.5487224512215674,1.9999999999999996,4.9385020609941055,0.36430988916558893,0,0,0.17441967269268174,0.19999999999999998
116.99999999999763,1.5076739053330734,1.9999999999999996,4.5690651479976596,0.37357263388222683,0,0,0.17441967269268174,0.19999999999999998
117.99999999999756,1.3784370215530013,1.9999999999999996,4.1960925538825027,0.36984467961671919,0,0.064468504800830176,0.14402892808093207,0.19999999999999998
118.99999999999751,1.2329212406552772,1.9999999999999996,3.8323031016381921,0.35533536924790066,0,0.14163990138265761,0.10764998285650103,0.19999999999999998
119.99999999999746,1.0958839899751318,1.9999999999999996,3.4897099749378286,0.33216765547059923,0,0.21431487830597634,0.073390670186464682,0.19999999999999998
120.9999999999974,0.96811382489429998,1.9999999999999996,3.1702845622357496,0.3089999412738777,0,0.25,0.056568542494923803,0.19999999999999998
121.99999999999736,0.84961074561005612,1.9999999999999996,2.8740268640251401,0.28583222651587586,0,0.25,0.056568542494923803,0.19999999999999998
122.99999999999729,0.74037475238983852,1.9999999999999996,2.6009368809745959,0.2626645109892628,0,0.25,0.056568542494923803,0.19999999999999998
123.99999999999723,0.64040584560548885,1.9999999999999996,2.3510146140137218,0.23949679438132471,0,0.25,0.056568542494923803,0.19999999999999998
124.99999999999716,0.54970402578970978,1.9999999999999996,2.124260064474274,0.21632907620248851,0,0.25,0.056568542494923803,0.19999999999999998
125.99999999999712,0.47999082406618931,1.9999999999999996,1.9199632962647564,0.196235130710947,0,0.25,0.056568542494923803,0.19999999999999998
126.99999999999706,0.43292301685599771,1.9999999999999996,1.73169206742399,0.18175530907178544,0,0.25,0.056568542494923803,0.19999999999999998
127.999999999997,0.38947516511424429,1.9999999999999996,1.5579006604569763,0.16727548698456141,0,0.25,0.056568542494923803,0.19999999999999998
128.99999999999696,0.34964726897593562,1.9999999999999996,1.3985890759037416,0.15279566427086438,0,0.25,0.056568542494923803,0.19999999999999998
129.9999999999969,0.31343932863315693,1.9999999999999996,1.2537573145326268,0.13831584065376551,0,0.25,0.056568542494923803,0.19999999999999998
130.99999999999685,0.28113688510544155,1.9999999999999996,1.1245475404217653,0.12053850574442029,0,0.25,0.056568542494923803,0.19999999999999998
131.99999999999679,0.25346797950880873,1.9999999999999996,1.013871918035234,0.10314765446728438,0,0.25,0.056568542494923803,0.19999999999999998
132.99999999999673,0.22969138939614037,1.9999999999999996,0.91876555758456058,0.088947582761104649,0,0.25,0.056568542494923803,0.19999999999999998
133.99999999999667,0.20910987604008333,1.9999999999999996,0.83643950416033241,0.077238833405608498,0,0.25,0.056568542494923803,0.19999999999999998
134.99999999999662,0.19117560602305261,1.9999999999999996,0.76470242409220957,0.067498162816386875,0,0.25,0.056568542494923803,0.19999999999999998
135.99999999999656,0.17545331795122859,1.9999999999999996,0.70181327180491349,0.059328849756135893,0,0.25,0.056568542494923803,0.19999999999999998
136.9999999999965,0.16159366365060526,1.9999999999999996,0.64637465460242016,0.052426394396824956,0,0.25,0.056568542494923803,0.19999999999999998
137.99999999999645,0.14931363418468163,1.9999999999999996,0.59725453673872564,0.046554446312231539,0,0.25,0.056568542494923803,0.19999999999999998
138.99999999999639,0.13838199781802149,1.9999999999999996,0.55352799127208507,0.041527653778227043,0,0.25,0.056568542494923803,0.19999999999999998
139.99999999999633,0.12860833519450829,1.9999999999999996,0.51443334077803227,0.037199273695023988,0,0.25,0.056568542494923803,0.19999999999999998
140.99999999999628,0.1198346908980745,1.9999999999999996,0.4793387635922971,0.03345210564775028,0,0.25,0.056568542494923803,0.19999999999999998
141.99999999999622,0.11192915148613486,1.9999999999999996,0.44771660594453855,0.030191779523798794,0,0.25,0.056568542494923803,0.19999999999999998
142.99999999999616,0.10478085819834708,1.9999999999999996,0.41912343279338743,0.027341731037269442,0,0.25,0.056568542494923803,0.19999999999999998
143.99999999999611,0.098296099405108056,1.9999999999999996,0.39318439762043134,0.024839402287022989,0,0.25,0.056568542494923803,0.19999999999999998
144.99999999999605,0.092395223675611385,1.9999999999999996,0.36958089470244465,0.022633341321051444,0,0.25,0.056568542494923803,0.19999999999999998
145.99999999999599,0.087010182260323435,1.9999999999999996,0.34804072904129285,0.020680968306481459,0,0.25,0.056568542494923803,0.19999999999999998
146.99999999999594,0.082082558480594731,1.9999999999999996,0.32833023392237803,0.018946840784778634,0,0.25,0.056568542494923803,0.19999999999999998
147.99999999999588,0.077561976815255604,1.9999999999999996,0.31024790726102153,0.017401295991390744,0,0.25,0.056568542494923803,0.19999999999999998
148.99999999999582,0.073404810317947156,1.9999999999999996,0.29361924127178773,0.016019380485973796,0,0.25,0.056568542494923803,0.19999999999999998
149.99999999999577,0.069573124101727807,1.9999999999999996,0.27829249640691034,0.014780000463253231,0,0.25,0.056568542494923803,0.19999999999999998
150.99999999999571,0.066033806874076326,1.9999999999999996,0.26413522749630441,0.013665242850445011,0,0.25,0.056568542494923803,0.19999999999999998
151.99999999999565,0.062757853220016188,1.9999999999999996,0.25103141288006386,0.012659829522778275,0,0.25,0.056568542494923803,0.19999999999999998
152.99999999999559,0.059719767453562993,1.9999999999999996,0.23887906981425108,0.011750675978182711,0,0.25,0.056568542494923803,0.19999999999999998
153.99999999999554,0.056897066061529215,1.9999999999999996,0.22758826424611597,0.010926532506932238,0,0.25,0.056568542494923803,0.19999999999999998
154.99999999999548,0.054269860535910597,1.9999999999999996,0.2170794421436415,0.010177690905907571,0,0.25,0.056568542494923803,0.19999999999999998
155.99999999999542,0.051820506086829143,1.9999999999999996,0.20728202434731569,0.0094957435702222939,0,0.25,0.056568542494923803,0.19999999999999998
156.99999999999537,0.04953330460850118,1.9999999999999996,0.19813321843400383,0.0088733846696253445,0,0.25,0.056568542494923803,0.19999999999999998
157.99999999999531,0.047394252529482789,1.9999999999999996,0.18957701011793027,0.0083042453162085715,0,0.25,0.056568542494923803,0.19999999999999998
158.99999999999525,0.045390825959999319,1.9999999999999996,0.18156330383999639,0.0077827563230645344,0,0.25,0.056568542494923803,0.19999999999999998
159.9999999999952,0.043511796962101765,1.9999999999999996,0.17404718784840617,0.0073040334650561209,0,0.25,0.056568542494923803,0.19999999999999998
160.99999999999514,0.041747075894904839,1.9999999999999996,0.16698830357961847,0.00686378117471076,0,0.25,0.056568542494923803,0.19999999999999998
161.99999999999508,0.040087575689845681,1.9999999999999996,0.16035030275938184,0.006458211406851844,0,0.25,0.056568542494923803,0.19999999999999998
162.99999999999503,0.038525094637725188,1.9999999999999996,0.15410037855089986,0.0060839750361768932,0,0.25,0.056568542494923803,0.19999999999999998
163.99999999999497,0.037052214857220545,1.9999999999999996,0.14820885942888129,0.0057381036512185266,0,0.25,0.056568542494923803,0.19999999999999998
164.99999999999491,0.035662214092237556,1.9999999999999996,0.14264885636894933,0.0054179600052799079,0,0.25,0.056568542494923803,0.19999999999999998
165.99999999999486,0.034348988875225708,1.9999999999999996,0.13739595550090195,0.0051211957023705613,0,0.25,0.056568542494923803,0.19999999999999998
166.9999999999948,0.0331069874128882,1.9999999999999996,0.13242794965155191,0.0048457149510250219,0,0.25,0.056568542494923803,0.19999999999999998
167.99999999999474,0.031931150813339811,1.9999999999999996,0.12772460325335835,0.0045896434243855918,0,0.25,0.056568542494923803,0.19999999999999998
168.99999999999466,0.030816861490575147,1.9999999999999996,0.1232674459622997,0.0043513014313187898,0,0.25,0.056568542494923803,0.19999999999999998
169.99999999999463,0.029759897761746756,1.9999999999999996,0.11903959104698614,0.0041291807385945038,0,0.25,0.056568542494923803,0.19999999999999998
170.99999999999457,0.028756393802111178,1.9999999999999996,0.11502557520844382,0.0039219244945341344,0,0.25,0.056568542494923803,0.19999999999999998
171.99999999999449,0.027802804247099265,1.9999999999999996,0.11121121698839617,0.0037283097949399966,0,0.25,0.056568542494923803,0.19999999999999998
172.99999999999446,0.026895872835249093,1.9999999999999996,0.10758349134099549,0.0035472325064313118,0,0.25,0.056568542494923803,0.19999999999999998
173.9999999999944,0.026032604573288886,1.9999999999999996,0.10413041829315466,0.0033776940236070613,0,0.25,0.056568542494923803,0.19999999999999998
174.99999999999434,0.025210240978381492,1.9999999999999996,0.10084096391352508,0.0032187896871819308,0,0.25,0.056568542494923803,0.19999999999999998
175.99999999999429,0.024426238014804501,1.9999999999999996,0.097704952059217115,0.0030696986323554484,0,0.25,0.056568542494923803,0.19999999999999998
176.99999999999426,0.023678246395071517,1.9999999999999996,0.094712985580285181,0.0029296748717472991,0,0.25,0.056568542494923803,0.19999999999999998
177.99999999999417,0.022964093960280669,1.9999999999999996,0.091856375841121787,0.0027980394465283156,0,0.25,0.056568542494923803,0.19999999999999998
178.99999999999412,0.022281769892605632,1.9999999999999996,0.089127079570421638,0.0026741735039195365,0,0.25,0.056568542494923803,0.19999999999999998
179.99999999999409,0.021629410545392979,1.9999999999999996,0.086517642181571028,0.0025575121798499536,0,0.25,0.056568542494923803,0.19999999999999998
180.999999999994,0.021009535025552094,2.0090027987087908,0.08403814010220749,0.0024482822823461915,0.00090200002640298898,0.25,0.057470542521326815,0.20090027987087911
181.99999999999395,0.020421138858703624,2.0289647956725045,0.081684555434813608,0.0023460832716596528,0.0025709584010267733,0.25,0.059139500895950596,0.20256543794187429
182.99999999999386,0.019857503728406077,2.0489267926362187,0.07943001491362342,0.0022495595855207334,0.0035785770585325203,0.25,0.060147119553456349,0.20356925629575143
183.99999999999383,0.019317264909003234,2.0688887895999324,0.07726905963601205,0.0021583226889361493,0.0043673644052860967,0.25,0.060935906900209919,0.20435424333887639
184.99999999999378,0.018799150415057638,2.0888507865636461,0.075196601660229664,0.002072015534194502,0.0050423404486400767,0.25,0.061610882943563913,0.20502541907860175
185.99999999999369,0.018301973540186846,2.1088127835273598,0.073207894160746495,0.0019903096235795708,0.0056445934846292576,0.25,0.062213135979553094,0.20562387181096228
186.99999999999366,0.017824626086933613,2.1287747804910735,0.071298504347733563,0.0019129023811038004,0.0061953041988898469,0.25,0.062763846693813699,0.20617078222159427
187.99999999999361,0.017366072215481896,2.1487367774547872,0.069464288861926696,0.001839514797163251,0.0067070896682551971,0.25,0.063275632163179066,0.20667876738733101
188.99999999999355,0.016925342847404073,2.1686987744185013,0.067701371389615406,0.0017698893146404718,0.0071881821390486966,0.25,0.063756724633972528,0.2071560595544959
189.99999999999349,0.01650153056793436,2.188660771382215,0.06600612227173655,0.0017037879289635936,0.0076443027691159137,0.25,0.064212845264039739,0.20760837988093445
190.99999999999343,0.016093784976651173,2.2086227683459292,0.064375139906603804,0.0016409904780640898,0.0080796167931350554,0.25,0.064648159288058893,0.20803989360132502
191.99999999999338,0.01570130844205329,2.2285847653096429,0.062805233768212274,0.001581293101144804,0.0084972670251863367,0.25,0.065065809520110179,0.20845374352974769
192.99999999999332,0.015323352220419497,2.2485467622733566,0.0612934088816771,0.0015245068477392561,0.0088996930729839004,0.25,0.065468235567907734,0.20885236927391659
193.99999999999329,0.014959212903664264,2.2685087592370703,0.05983685161465617,0.0014704564207742015,0.0092888329068331957,0.25,0.065857375401757012,0.20923770880413728
194.99999999999321,0.01460822916469728,2.288470756200784,0.058432916658788234,0.0014189790392847531,0.0096662557871475957,0.25,0.066234798282071419,0.20961133138082302
195.99999999999315,0.014269778772148023,2.3084327531644977,0.057079115088591204,0.001369923408119208,0.010033253117211904,0.25,0.066601795612135722,0.20997452840725875
196.99999999999307,0.013943275849275013,2.328394750128211,0.055773103397099164,0.0013231487834422847,0.010390902430268408,0.25,0.066959444925192207,0.21032837741668658
197.99999999999304,0.013628168354496324,2.3483567470919247,0.054512673417984409,0.001278524124131134,0.010740113621494683,0.25,0.067308656116418467,0.21067378830428427
198.99999999999298,0.013323935763298692,2.3683187440556388,0.053295743053193879,0.0012359273202838697,0.011081663095522073,0.25,0.06765020559044585,0.21101153747468307
199.99999999999289,0.013030086933336286,2.3882807410193525,0.052120347733344258,0.0011952444910460196,0.01141621947699943,0.25,0.067984761971923199,0.21134229355253178
200.99999999999287,0.012746158136359138,2.4082427379830662,0.050984632545435664,0.0011563693448261854,0.011744363298253539,0.25,0.068312905793177323,0.21166663707015729
201.99999999999281,0.012471711242238271,2.4282047349467795,0.049886844968952196,0.0011192025957334453,0.012066602302195157,0.25,0.068635144797118935,0.21198507577047024
202.99999999999275,0.012206332041798738,2.4481667319104936,0.048825328167194065,0.0010836514307386047,0.012383383496936363,0.25,0.068951925991860147,0.21229805666158288
203.9999999999927,0.011949628696468505,2.4681287288742078,0.047798514785873131,0.0010496290226529657,0.012695102766210125,0.25,0.069263645261133919,0.21260597562722805
204.99999999999264,0.011701230303898613,2.4880907258379215,0.046804921215593563,0.0010170540845392318,0.013002112614640635,0.25,0.069570655109564436,0.21290918517202995
205.99999999999258,0.011460785569747277,2.5080527228016347,0.045843142278988218,0.00098585046163128867,0.013304728471539741,0.25,0.069873270966463522,0.21320800072530041
206.99999999999253,0.011227961576741273,2.528014719765348,0.044911846306964202,0.00095594675724772747,0.013603233867724126,0.25,0.070171776362647903,0.2135027058178561
207.9999999999925,0.011002442642957015,2.5479767167290612,0.044009770571827173,0.00092727598954633309,0.013897884721889088,0.25,0.070466427216812857,0.2137935563683924
208.99999999999241,0.010783929262006013,2.5679387136927745,0.043135717048023166,0.0008997752762882334,0.014188912916590815,0.25,0.070757455411514597,0.21408078425946545
209.99999999999235,0.010572137118478264,2.5879007106564877,0.042288548473912169,0.0008733855450664018,0.014476529302413126,0.25,0.071045071797336906,0.21436460034165913
210.99999999999233,0.010366796172597509,2.6078627076202006,0.041467184690389146,0.00084805126670758923,0.014760926238063037,0.25,0.071329468732986817,0.21464519697368031
211.99999999999224,0.010167649808582407,2.6278247045839143,0.040670599234328739,0.00082372020978340376,0.01504227975095814,0.25,0.07161082224588193,0.21492275018294679
212.99999999999218,0.0099744540416986122,2.6477867015476275,0.039897816166793561,0.00080034321436891522,0.015320751385256222,0.25,0.071889293880179991,0.21519742151361623
213.9999999999921,0.0097869767794209715,2.6677486985113399,0.039147907117682998,0.00077787398336715127,0.015596489790764462,0.25,0.072165032285688227,0.21546935961549576
214.99999999999207,0.0096049971325290282,2.6877106954750527,0.038419988530115225,0.00075626888988019486,0.015869632095703523,0.25,0.072438174590627305,0.21573870161680606
215.99999999999201,0.0094283047723166778,2.7076726924387651,0.037713219089265823,0.00073548679925202246,0.016140305098132926,0.25,0.072708847593056736,0.21600557431560671
216.99999999999193,0.0092566993304185677,2.7276346894024779,0.037026797321673383,0.00071548890453741851,0.016408626304415221,0.25,0.072977168799339034,0.21627009521826029
217.9999999999919,0.0090899898380580914,2.7475966863661903,0.036359959352231477,0.00069623857426850326,0.016674704837999023,0.25,0.073243247332922826,0.21653237344821535
218.99999999999184,0.0089279942017821603,2.7675586833299017,0.035711976807127753,0.00067770121149403979,0.016938642237731082,0.25,0.073507184732654898,0.21679251054431861
219.99999999999179,0.0087705387129958911,2.7875206802936141,0.035082154851982676,0.00065984412316122181,0.017200533161636718,0.25,0.073769075656560545,0.21705060116459549
220.99999999999173,0.0086174575888310727,2.8074826772573265,0.034469830355323403,0.00064263639899419026,0.017460466009462727,0.25,0.074029008504386554,0.21730673370879269
221.9999999999917,0.008468592542077975,2.8274446742210384,0.033874370168311012,0.00062604879909911818,0.017718523475125467,0.25,0.074287065970049304,0.21756099087082656
222.99999999999162,0.0083237923780994146,2.8474066711847494,0.03329516951239677,0.00061005364959516146,0.017974783038446879,0.25,0.07454332553337073,0.21781345013051906
223.99999999999156,0.0081829126168081606,2.8673686681484614,0.032731650467231754,0.00059462474563207646,0.018229317404114289,0.25,0.074797859899038158,0.21806418419255763
224.99999999999153,0.0080458151379448131,2.8873306651121728,0.032183260551778364,0.00057973726121180683,0.018482194894604224,0.25,0.07505073738952811,0.21831326137941867
225.99999999999145,0.0079123678480252681,2.907292662075883,0.031649471392100184,0.00056536766528127527,0.018733479802817674,0.25,0.075302022297741578,0.21856074598400313
226.99999999999139,0.0077824443674600896,2.9272546590395945,0.03112977746983947,0.00055149364361022275,0.018983232709346536,0.25,0.075551775204270422,0.21880669858690299
227.9999999999913,0.0076559237364642891,2.9472166560033046,0.030623694945856268,0.00053809402600951358,0.019231510768597464,0.25,0.07580005326352135,0.21905117634252491
228.99999999999127,0.0075326901384718831,2.9671786529670143,0.030130760553886644,0.00052514871848194627,0.019478367967416324,0.25,0.076046910462340203,0.21929423323771466
229.99999999999122,0.0074126326398816327,2.9871406499307236,0.029650530559525642,0.0005126386399334201,0.019723855359364061,0.25,0.07629239785428793,0.21953592032603328
230.99999999999113,0.007295644945037069,3.007102646894432,0.029182579780147388,0.00050054566310207024,0.019968021277377759,0.25,0.076536563772301613,0.21977628594041776
231.9999999999911,0.0071816251654308388,3.0270646438581403,0.028726500661722467,0.00048885255939181695,0.020210911527195684,0.25,0.076779454022119553,0.22001537588660644
232.99999999999105,0.0070704756021989215,3.0470266408218478,0.028281902408794798,0.00047754294732253418,0.020452569563622604,0.25,0.077021112058546476,0.22025323361940408
233.99999999999099,0.0069621025410347539,3.0669886377855544,0.027848410164138127,0.00046660124433201624,0.020693036651452175,0.25,0.077261579146376047,0.22048990040360428
234.99999999999093,0.0068564160587212481,3.086950634749261,0.027425664234884104,0.00045601262168674001,0.020932352012640931,0.25,0.077500894507564796,0.22072541546116362
235.99999999999088,0.006753329840534692,3.1069126317129667,0.02701331936213788,0.00044576296227765371,0.021170552961136343,0.25,0.077739095456060198,0.22095981610602949
236.99999999999082,0.0066527610078259405,3.1268746286766715,0.026611044031302874,0.00043583882109477705,0.021407675026595963,0.25,0.077976217521519814,0.22119313786785955
237.99999999999076,0.0065546299551380426,3.1468366256403746,0.026218519820551282,0.00042622738819106235,0.021643752068091073,0.25,0.078212294563014942,0.22142541460572499
238.99999999999073,0.0064588601962598116,3.1667986226040781,0.025835440785038358,0.0004169164539602924,0.021878816378763575,0.25,0.078447358873687451,0.22165667861276769
239.99999999999065,0.0063653782186636814,3.1867606195677793,0.025461512874653838,0.00040789437656803555,0.022112898782296397,0.25,0.078681441277220265,0.22188696071267064
240.99999999999059,0.0062741133458036275,3.1977026168835203,0.025096453383213622,0.00039915005138599726,0.022345837917971019,0.25,0.078914380412894891,0.22211609954471534
241.99999999999051,0.0061849976067970365,3.1976646138472198,0.024739990427187258,0.00039067288229269686,0.022576903091602638,0.25,0.079145445586526517,0.22234336441471689
242.99999999999048,0.0060979656130405614,3.1976266108109175,0.024391862452161357,0.0003824527547131504,0.022805962665224985,0.25,0.079374505160148878,0.22256862368470903
243.99999999999042,0.0060129544413390183,3.1975886077746147,0.024051817765355185,0.00037448001027967143,0.023033073674683963,0.25,0.079601616169607856,0.22279193439053774
244.99999999999034,0.005929903523160974,3.1975506047383102,0.023719614092643008,0.00036674542300528821,0.023258290504879542,0.25,0.079826832999803449,0.22301335091710286
245.99999999999031,0.0058487545396524229,3.1975126017020052,0.023395018158608803,0.00035924017686854849,0.023481665059115427,0.25,0.080050207554039313,0.22323292516770823
246.99999999999025,0.0057694513220739431,3.1974745986656981,0.023077805288294884,0.00035195584471681347,0.023703246914787354,0.25,0.080271789409711247,0.2234507067197494
247.99999999999019,0.0056919397573381792,3.1974365956293891,0.022767759029351829,0.00034488436840094143,0.023923083466733462,0.25,0.080491625961657348,0.22366674296806463
248.99999999999014,0.0056161676983557405,3.1973985925930783,0.022464670793422074,0.00033801804006149962,0.024141220059421226,0.25,0.080709762554345116,0.22388107925712133
249.99999999999008,0.0055420848789091235,3.1973605895567663,0.022168339515635606,0.00033134948449170819,0.024357700109015359,0.25,0.080926242603939241,0.22409375900308426
250.99999999999002,0.0054696428327966314,3.197322586520452,0.021878571331185637,0.00032487164250804776,0.024572565216257856,0.25,0.081141107711181756,0.22430482380669536
251.99999999998997,0.0053987948170015733,3.1972845834841359,0.021595179268005405,0.00031857775526407395,0.024785855270991457,0.25,0.081354397765915382,0.22451431355779738
252.99999999998994,0.0053294957386615322,3.1972465804478176,0.021317982954645241,0.00031246134944787151,0.024997608549070488,0.25,0.081566151043994395,0.22472226653224461
253.99999999998985,0.005261702085622222,3.197208577411498,0.021046808342488,0.00030651622330734761,0.025207861802326054,0.25,0.081776404297249972,0.22492871948186813
254.9999999999898,0.0051953718603787056,3.1971705743751757,0.020781487441513934,0.00030073643345185472,0.025416650342184398,0.25,0.081985192837108298,0.22513370771809424
255.99999999998977,0.0051304645172132604,3.1971325713388512,0.020521858068852154,0.00029511628238168227,0.025624008117477334,0.25,0.08219255061240123,0.22533726518975472
256.99999999998994,0.0050669409023577118,3.197094568302524,0.020267763609429959,0.00028965030670086243,0.02582996778693036,0.25,0.082398510281854256,0.22553942455557502
257.99999999999017,0.005004763197012427,3.1970565652661946,0.02001905278804882,0.00028433326597122606,0.02603456078676674,0.25,0.08260310328169064,0.22574021725177842
258.99999999999039,0.0049438948630694084,3.1970185622298612,0.019775579452276745,0.00027916013216891956,0.026237817393823817,0.25,0.08280635988874771,0.2259396735552022
259.99999999999062,0.0048843005913905228,3.1969805591935256,0.019537202365561203,0.00027412607970671353,0.026439766784540433,0.25,0.083008309279464329,0.2261378226422853
260.99999999999085,0.0048259462525092785,3.1969425561571869,0.019303785010036226,0.00026922647598859512,0.026640437090140873,0.25,0.083208979585064763,0.22633469264425185
261.99999999999108,0.004768798849621894,3.196904553120846,0.019075195398486688,0.00026445687246445766,0.026839855448310888,0.25,0.083408397943234763,0.22653031069878773
262.9999999999913,0.0047128264737516974,3.1968665500845006,0.018851305895005901,0.00025981299615569331,0.027038048051634449,0.25,0.083606590546558321,0.22672470299847677
263.99999999999153,0.0046579982609676867,3.1968285470481526,0.018631993043869859,0.00025529074162356017,0.027235040193036131,0.25,0.083803582687959982,0.22691789483624358
264.99999999999176,0.0046042843515568576,3.1967905440117996,0.018417137406226542,0.00025088616335499964,0.027430856308452243,0.25,0.083999398803376105,0.22710991064802447
265.99999999999199,0.004551655851041724,3.1967525409754431,0.018206623404166008,0.00024659546854105432,0.027625520016934569,0.25,0.084194062511858431,0.22730077405287114
266.99999999999221,0.0045000847929549575,3.1967145379390831,0.018000339171818942,0.00024241501022580171,0.027819054158372943,0.25,0.084387596653296815,0.22749050789067349
267.99999999999244,0.0044495441032771487,3.1966765349027182,0.017798176413107707,0.00023834128080422106,0.028011480829007351,0.25,0.084580023323931233,0.22767913425767142
268.99999999999267,0.0044000075664535881,3.1966385318663493,0.017600030265813464,0.00023437090584915059,0.028202821414885733,0.25,0.084771363909809633,0.22786667453991294
269.99999999999289,0.0043514497929130966,3.1966005288299755,0.017405799171651498,0.00023050063824892755,0.028393096623410892,0.25,0.084961639118334778,0.22805314944480073
270.99999999999312,0.0043038461880100364,3.1965625257935972,0.017215384752039257,0.0002267273526379525,0.028582326513108356,0.25,0.085150869008032259,0.22823857903086034
271.99999999999335,0.0042571729223216323,3.1965245227572141,0.017028691689285641,0.00022304804010404744,0.028770530521736143,0.25,0.085339073016660064,0.22842298273584979
272.99999999999358,0.0042114069032315659,3.1964865197208252,0.016845627612925376,0.00021945980315708151,0.02895772749284807,0.25,0.085526269987771991,0.22860637940332287
273.9999999999938,0.0041665257477368281,3.196448516684431,0.016666102990946424,0.00021595985094446186,0.029143935700913191,0.25,0.085712478195837105,0.22878878730774857
274.99999999999403,0.0041225077564193535,3.196410513648031,0.016490031025676526,0.00021254549470005327,0.029329172875086341,0.25,0.085897715370010258,0.22897022417828175
275.99999999999426,0.0040793318885238242,3.1963725106116256,0.016317327554094409,0.00020921414341363675,0.029513456221717069,0.25,0.086081998716640989,0.2291507072212719
276.99999999999449,0.0040369777380904045,3.1963345075752132,0.01614791095236073,0.00020596329970912788,0.029696802445677999,0.25,0.08626534494060191,0.22933025314159167
277.99999999999471,0.0039954255110883439,3.1962965045387954,0.015981702044352487,0.00020279055592004158,0.029879227770587369,0.25,0.086447770265511287,0.22950887816285923
278.99999999999494,0.003954656003508002,3.1962585015023706,0.01581862401403112,0.0001996935903520502,0.030060747957995019,0.25,0.086629290452918922,0.22968659804662442
279.99999999999517,0.003914650580359752,3.1962204984659381,0.01565860232143812,0.00019667016372220745,0.030241378325596036,0.25,0.086809920820519929,0.22986342811058219
280.9999999999954,0.0038753911555408221,3.1961824954294999,0.0155015646221624,0.0001937181157657826,0.030421133764531677,0.25,0.08698967625945557,0.23003938324587395
281.99999999999562,0.0038368601725304297,3.1961444923930529,0.015347440690120831,0.00019083536200196252,0.030600028755832755,0.25,0.087168571250756638,0.23021447793353036
282.99999999999585,0.0037990405858684575,3.1961064893565987,0.015196162343472942,0.00018801989064964945,0.030778077386056965,0.25,0.08734661988098083,0.23038872626010912
283.99999999999608,0.0037619158433896951,3.1960684863201365,0.015047663373557892,0.00018526975968617446,0.030955293362167857,0.25,0.087523835857091725,0.23056214193257377
284.99999999999631,0.0037254698691721478,3.1960304832836655,0.014901879476687703,0.00018258309404103467,0.031131690025700001,0.25,0.08770023252062388,0.2307347382924588
285.99999999999653,0.0036896870471695709,3.1959924802471855,0.014758748188677395,0.00017995808291792874,0.031307280366251668,0.25,0.08787582286117554,0.23090652832936248
286.99999999999676,0.0036545522054969529,3.1959544772106971,0.014618208821986924,0.0001773929772385221,0.031482077034343726,0.25,0.088050619529267585,0.23107752469380571
287.99999999999699,0.0036200506013396062,3.1959164741741986,0.014480202405357537,0.00017488608720176991,0.031656092353680665,0.25,0.088224634848604544,0.23124773970949278
288.99999999999721,0.0035861679064552498,3.1958784711376911,0.014344671625820111,0.00017243577995277416,0.03182933833284754,0.25,0.088397880827771391,0.23141718538500888
289.99999999999744,0.0035528901932472988,3.1958404681011729,0.014211560772988307,0.00017004047735601501,0.032001826676474027,0.25,0.088570369171397878,0.23158587342498355
290.99999999999767,0.0035202039213783945,3.1958024650646442,0.01408081568551269,0.00016769865386733824,0.032173568795895079,0.25,0.088742111290818923,0.23175381524075181
291.9999999999979,0.0034880959249042132,3.195764462028106,0.013952383699615965,0.00016540883450007793,0.03234457581933569,0.25,0.088913118314259534,0.23192102196053849
292.99999999999812,0.0034565533999048065,3.1957264589915551,0.013826213599618338,0.00016316959288066954,0.032514858601645429,0.25,0.089083401096569287,0.23208750443919318
293.99999999999835,0.0034255638925861911,3.195688455954993,0.013702255570343876,0.00016097954938896391,0.032684427733606733,0.25,0.089252970228530584,0.23225327326749826
294.99999999999858,0.0033951152878401577,3.1956504529184189,0.013580461151359743,0.00015883736937970165,0.032853293550839734,0.25,0.089421836045763578,0.23241833878107387
295.99999999999881,0.0033651957982352154,3.1956124498818328,0.013460783192939973,0.00015674176148068722,0.033021466142324707,0.25,0.089590008637248558,0.23258271106890019
296.99999999999903,0.0033357939534243829,3.195574446845233,0.013343175813696644,0.00015469147596425603,0.033188955358561978,0.25,0.089757497853485829,0.23274639998147753
297.99999999999926,0.0033068985899487148,3.1955364438086202,0.013227594359793971,0.00015268530318828107,0.033355770819387932,0.25,0.089924313314311805,0.23290941513864219
298.99999999999949,0.0032784988414237964,3.1954984407719929,0.013113995365694298,0.000150722072103677,0.033521921921464942,0.25,0.090090464416388835,0.23307176593705656
299.99999999999972,0.0032505841290878731,3.1954604377353522,0.013002336516350604,0.00014880064882488229,0.033687417845461282,0.25,0.090255960340385175,0.2332334615573888
300.99999999999994,0.0032231441527016597,3.1954224346986977,0.012892576610805751,0.0001469199352607043,0.033852267562936876,0.25,0.090420810057860762,0.23339451097119887
302.00000000000017,0.0031961688817812874,3.1953844316620272,0.012784675527124261,0.00014507886780242154,0.034016479842949358,0.25,0.090585022337873231,0.23355492294754435
303.0000000000004,0.003169648547150562,3.1953464286253412,0.01267859418860136,0.00014327641606646797,0.03418006325839424,0.25,0.090748605753318112,0.23371470605932063
304.00000000000063,0.0031435736328024161,3.1953084255886388,0.012574294531208776,0.00014151158168936837,0.034343026192092105,0.25,0.09091156868701597,0.23387386868934823
305.00000000000085,0.0031179348680529912,3.1952704225519208,0.012471739472211077,0.00013978339717224278,0.034505376842635098,0.25,0.091073919337558956,0.23403241903621938
306.00000000000108,0.0030927232199802314,3.1952324195151842,0.012370892879920038,0.00013809092477285958,0.03466712323000426,0.25,0.091235665724928139,0.2341903651199149
307.00000000000131,0.0030679298861296745,3.1951944164784303,0.01227171954451781,0.00013643325544266901,0.034828273200968533,0.25,0.091396815695892433,0.23434771478720381
308.00000000000153,0.0030435462874839865,3.1951564134416572,0.012174185149935058,0.00013480950780726404,0.034988834434275709,0.25,0.091557376929199602,0.23450447571683375
309.00000000000176,0.0030195640616783549,3.195118410404866,0.012078256246712531,0.00013321882718781005,0.03514881444564516,0.25,0.091717356940569067,0.23466065542452408
310.00000000000199,0.0029959750564577331,3.1950804073680552,0.011983900225830044,0.00013166038466198572,0.035308220592571382,0.25,0.091876763087495289,0.23481626126776919
311.00000000000222,0.00297277132336145,3.1950424043312253,0.011891085293444912,0.00013013337616233774,0.035467060078947142,0.25,0.092035602573871042,0.23497130045046194
312.00000000000244,0.0029499451116302348,3.1950044012943746,0.011799780446520051,0.000128637021610649,0.035625339959514356,0.25,0.09219388245443827,0.23512578002734402
313.00000000000267,0.0029274888623233766,3.1949663982575012,0.011709955449292618,0.00012717056408648549,0.035783067144150471,0.25,0.092351609639074378,0.23527970690829289
314.0000000000029,0.0029053952026389753,3.1949283952206065,0.011621580810555013,0.00012573326902849303,0.035940248401997936,0.25,0.09250879089692185,0.23543308786245087
315.00000000000313,0.0028836569404316341,3.1948903921836895,0.011534627761725648,0.00012432442346714865,0.036096890365443376,0.25,0.092665432860367269,0.23558592952220461
316.00000000000335,0.0028622670589161692,3.1948523891467486,0.011449068235663789,0.00012294333528734528,0.03625299953395341,0.25,0.092821542028877324,0.23573823838702063
317.00000000000358,0.0028412187115514883,3.1948143861097833,0.011364874846205065,0.00012158933251959816,0.036408582277773154,0.25,0.092977124772697067,0.23589002082714386
318.00000000000381,0.0028205052170984196,3.1947763830727944,0.01128202086839279,0.00012026176265867668,0.036563644841493548,0.25,0.093132187336417455,0.23604128308716529
319.00000000000404,0.0028001200548454798,3.1947383800357794,0.011200480219381031,0.00011895999200852027,0.036718193347493017,0.25,0.093286735842416924,0.23619203128946328
320.00000000000426,0.0027800568599919565,3.194700376998739,0.011120227439966938,0.00011768340505203796,0.036872233799258899,0.25,0.09344077629418282,0.23634227143752509
321.00000000000449,0.0027603094191885344,3.1946623739616715,0.01104123767675325,0.00011643140384512436,0.037025772084593706,0.25,0.09359431457951764,0.2364920094191531
322.00000000000472,0.0027408716662239156,3.1946243709245756,0.010963486664894774,0.00011520340743350461,0.037178813978711082,0.25,0.093747356473635024,0.23664125100956102
323.00000000000495,0.0027217376778545179,3.1945863678874522,0.010886950711417183,0.00011399885129160512,0.037331365147226063,0.25,0.093899907642150018,0.23679000187436361
324.00000000000517,0.0027029016697731863,3.1945483648502995,0.010811606679091857,0.00011281718678260261,0.037483431149043976,0.25,0.094051973643967918,0.23693826757246622
325.0000000000054,0.0026843579927080135,3.1945103618131165,0.010737431970831166,0.00011165788063852764,0.037635017439152194,0.25,0.094203559934076128,0.23708605355885615
326.00000000000563,0.0026661011286496657,3.1944723587759021,0.010664404514597775,0.00011052041445978822,0.0377861293713187,0.25,0.094354671866242634,0.23723336518730126
327.00000000000585,0.0026481256872003837,3.1944343557386565,0.010592502748800647,0.00010940428423317504,0.037936772200701199,0.25,0.094505314695625162,0.2373802077129592
328.00000000000608,0.0026304264020425554,3.1943963527013781,0.010521705608169334,0.00010830899986773099,0.038086951086370398,0.25,0.094655493581294353,0.23752658629490053
329.00000000000631,0.0026129981275192196,3.194358349664066,0.01045199251007599,0.00010723408474754557,0.038236671093750917,0.25,0.094805213588674914,0.23767250599854997
330.00000000000654,0.0025958358353247554,3.1943203466267205,0.010383343341298134,0.00010617907530092584,0.038385937196983057,0.25,0.094954479691907068,0.23781797179804748
331.00000000000676,0.0025789346113023318,3.194282343589339,0.010315738445208439,0.00010514352058530877,0.03853475428120845,0.25,0.095103296776132468,0.23796298857853476
332.00000000000699,0.0025622896523405173,3.1942443405519216,0.010249158609361181,0.00010412698188704575,0.038683127144782802,0.25,0.095251669639706826,0.2381075611383674
333.00000000000722,0.0025458962633702537,3.1942063375144674,0.010183585053480127,0.00010312903233575016,0.03883106050141831,0.25,0.095399602996342314,0.23825169419125741
334.00000000000745,0.0025297498544554556,3.1941683344769745,0.010118999417820934,0.00010214925653242754,0.03897855898225857,0.25,0.095547101477182594,0.23839539236834845
335.00000000000767,0.0025138459379741842,3.1941303314394425,0.010055383751895849,0.00010118725019085479,0.039125627137888572,0.25,0.095694169632812603,0.23853866022022524
336.0000000000079,0.0024981801258887044,3.1940923284018705,0.0099927205035539295,0.00010024261979177051,0.039272269440282281,0.25,0.095840811935206299,0.23868150221886175
337.00000000000813,0.0024827481270998635,3.1940543253642573,0.0099309925083985659,9.9314982249281482e-05,0.039418490284689967,0.25,0.095987032779613984,0.23882392275950809
338.00000000000836,0.0024675457448830188,3.1940163223266018,0.009870182979531187,9.8403964589013535e-05,0.03956429399146779,0.25,0.096132836486391787,0.23896592616252038
339.00000000000853,0.0024525688744033002,3.1939783192889029,0.0098102754976123127,9.750920363758255e-05,0.039709684807851697,0.25,0.096278227302775687,0.23910751667513436
340.00000000000881,0.0024378135003064677,3.1939403162511599,0.0097512540012249828,9.6630345722882886e-05,0.039854666909677504,0.25,0.096423209404601459,0.23924869847318581
341.00000000000904,0.0024232756943842306,3.1939023132133708,0.0096931027775360341,9.5767046384860098e-05,0.0399992444030495,0.25,0.096567786897973462,0.23938947566277888
342.00000000000927,0.0024089516133089591,3.1938643101755351,0.0096358064532349481,9.4918970096210991e-05,0.040143421325959154,0.25,0.096711963820883123,0.23952985228190501
343.00000000000949,0.0023948374964383084,3.1938263071376518,0.0095793499857523452,9.4085789992799846e-05,0.040287201649855851,0.25,0.096855744144779807,0.23966983230201336
344.00000000000966,0.0023809296636856368,3.1937883040997188,0.0095237186547416589,9.3267187613313706e-05,0.04043058928117136,0.25,0.096999131776095315,0.23980941962953564
345.00000000000995,0.0023672245134530633,3.1937503010617365,0.009468898053811365,9.2462852647748274e-05,0.040573588062799711,0.25,0.097142130557723666,0.2399486181073657
346.00000000001017,0.0023537185206286403,3.1937122980237023,0.0094148740825136731,9.1672482694599595e-05,0.04071620177553404,0.25,0.097284744270457996,0.24008743151629658
347.0000000000104,0.0023404082346404542,3.1936742949856152,0.0093616329385609286,9.0895783026134224e-05,0.040858434139461899,0.25,0.097426976634385848,0.24022586357641576
348.00000000001063,0.0023272902775700668,3.1936362919474739,0.0093091611102793792,9.0132466361686855e-05,0.041000288815320619,0.25,0.097568831310244575,0.24036391794846032
349.00000000001091,0.0023143613423208093,3.1935982889092775,0.0092574453692823491,8.9382252648534871e-05,0.04114176940581387,0.25,0.09771031190073784,0.24050159823513401
350.00000000001108,0.0023016181908403982,3.1935602858710244,0.0092064727633607048,8.8644868850142102e-05,0.041282879456891075,0.25,0.097851421951815065,0.24063890798238591
351.00000000001131,0.0022890576523948458,3.193522282832713,0.0091562306095784949,8.7920048741424279e-05,0.041423622458990658,0.25,0.097992164953914648,0.24077585068065438
352.00000000001148,0.0022766766218928372,3.193484279794343,0.0091067064875704606,8.7207532710825152e-05,0.041564001848248572,0.25,0.098132544343172562,0.24091242976607527
353.00000000001177,0.002264472058259573,3.1934462767559118,0.0090578882330374037,8.6507067568988724e-05,0.041704021007673141,0.25,0.098272563502597138,0.2410486486216567
354.00000000001199,0.0022524409828555752,3.1934082737174192,0.0090097639314214127,8.5818406363618113e-05,0.041843683268287545,0.25,0.098412225763211514,0.24118451057842177
355.00000000001222,0.0022405804779437009,3.1933702706788618,0.0089623219117739156,8.5141308200563774e-05,0.041982991910240818,0.25,0.098551534405164787,0.24132001891651936
356.00000000001245,0.0022288876851967745,3.1933322676402396,0.0089155507407862097,8.4475538070568509e-05,0.042121950163888505,0.25,0.098690492658812481,0.24145517686630485
357.00000000001262,0.0022173598042506066,3.1932942646015516,0.0088694392170015381,8.3820866681809917e-05,0.042260561210844073,0.25,0.098829103705768057,0.2415899876093916
358.0000000000129,0.0022059940912974793,3.1932562615627944,0.0088239763651890291,8.3177070297832639e-05,0.04239882818500184,0.25,0.098967370679925837,0.24172445427967371
359.00000000001313,0.0021947878577174397,3.1932182585239679,0.0087791514308688708,8.2543930580598229e-05,0.042536754173532546,0.25,0.099105296668456577,0.24185857996432175
360.00000000001336,0.0021837384687508764,3.1931802554850708,0.0087349538750026174,8.1921234438734014e-05,0.042674342217852393,0.25,0.099242884712776411,0.24199236770475188
